variable,desagregacion_periodica,valor_periodica,año,desagregacion_geografica,valor_geografica,desagregacion_tematica,valor_tematica,valor
Porcentaje de la población NINI entre 18 y 28 años,Anual,Anual,2015,Nacional,Colombia,,,232
Porcentaje de la población NINI entre 18 y 28 años,Anual,Anual,2014,Nacional,Colombia,,,238
Porcentaje de la población NINI entre 18 y 28 años,Anual,Anual,2013,Nacional,Colombia,,,245
Porcentaje de la población NINI entre 18 y 28 años,Anual,Anual,2012,Nacional,Colombia,,,254
Porcentaje de la población NINI entre 18 y 28 años,Anual,Anual,2011,Nacional,Colombia,,,263
Porcentaje de la población NINI entre 18 y 28 años,Anual,Anual,2010,Nacional,Colombia,,,271
Porcentaje de la población NINI entre 18 y 28 años,Anual,Anual,2009,Nacional,Colombia,,,284
Porcentaje de la población NINI entre 18 y 28 años,Anual,Anual,2008,Nacional,Colombia,,,292
Porcentaje de la población NINI entre 18 y 28 años,Anual,Anual,2015,Nacional,Colombia,Sexo,Hombres,117
Porcentaje de la población NINI entre 18 y 28 años,Anual,Anual,2015,Nacional,Colombia,Sexo,Mujeres,345
Porcentaje de la población NINI entre 18 y 28 años,Anual,Anual,2014,Nacional,Colombia,Sexo,Hombres,125
Porcentaje de la población NINI entre 18 y 28 años,Anual,Anual,2014,Nacional,Colombia,Sexo,Mujeres,345
Porcentaje de la población NINI entre 18 y 28 años,Anual,Anual,2013,Nacional,Colombia,Sexo,Hombres,13
Porcentaje de la población NINI entre 18 y 28 años,Anual,Anual,2013,Nacional,Colombia,Sexo,Mujeres,356
Porcentaje de la población NINI entre 18 y 28 años,Anual,Anual,2012,Nacional,Colombia,Sexo,Hombres,132
Porcentaje de la población NINI entre 18 y 28 años,Anual,Anual,2012,Nacional,Colombia,Sexo,Mujeres,371
Porcentaje de la población NINI entre 18 y 28 años,Anual,Anual,2011,Nacional,Colombia,Sexo,Hombres,137
Porcentaje de la población NINI entre 18 y 28 años,Anual,Anual,2011,Nacional,Colombia,Sexo,Mujeres,385
Porcentaje de la población NINI entre 18 y 28 años,Anual,Anual,2010,Nacional,Colombia,Sexo,Hombres,144
Porcentaje de la población NINI entre 18 y 28 años,Anual,Anual,2010,Nacional,Colombia,Sexo,Mujeres,394
Porcentaje de la población NINI entre 18 y 28 años,Anual,Anual,2009,Nacional,Colombia,Sexo,Hombres,153
Porcentaje de la población NINI entre 18 y 28 años,Anual,Anual,2009,Nacional,Colombia,Sexo,Mujeres,409
Porcentaje de la población NINI entre 18 y 28 años,Anual,Anual,2008,Nacional,Colombia,Sexo,Hombres,158
Porcentaje de la población NINI entre 18 y 28 años,Anual,Anual,2008,Nacional,Colombia,Sexo,Mujeres,421
Porcentaje de la población NINI entre 18 y 28 años,Anual,Anual,2015,Departamental,Antioquia,,,223
Porcentaje de la población NINI entre 18 y 28 años,Anual,Anual,2015,Departamental,Atlántico,,,264
Porcentaje de la población NINI entre 18 y 28 años,Anual,Anual,2015,Departamental,Bogotá,,,151
Porcentaje de la población NINI entre 18 y 28 años,Anual,Anual,2015,Departamental,Bolívar,,,287
Porcentaje de la población NINI entre 18 y 28 años,Anual,Anual,2015,Departamental,Boyacá,,,197
Porcentaje de la población NINI entre 18 y 28 años,Anual,Anual,2015,Departamental,Caldas,,,301
Porcentaje de la población NINI entre 18 y 28 años,Anual,Anual,2015,Departamental,Caquetá,,,334
Porcentaje de la población NINI entre 18 y 28 años,Anual,Anual,2015,Departamental,Cauca,,,282
Porcentaje de la población NINI entre 18 y 28 años,Anual,Anual,2015,Departamental,Cesar,,,301
Porcentaje de la población NINI entre 18 y 28 años,Anual,Anual,2015,Departamental,Chocó,,,352
Porcentaje de la población NINI entre 18 y 28 años,Anual,Anual,2015,Departamental,Cundinamarca,,,184
Porcentaje de la población NINI entre 18 y 28 años,Anual,Anual,2015,Departamental,Córdoba,,,263
Porcentaje de la población NINI entre 18 y 28 años,Anual,Anual,2015,Departamental,Huila,,,234
Porcentaje de la población NINI entre 18 y 28 años,Anual,Anual,2015,Departamental,La Guajira,,,222
Porcentaje de la población NINI entre 18 y 28 años,Anual,Anual,2015,Departamental,Magdalena,,,351
Porcentaje de la población NINI entre 18 y 28 años,Anual,Anual,2015,Departamental,Meta,,,28
Porcentaje de la población NINI entre 18 y 28 años,Anual,Anual,2015,Departamental,Nariño,,,244
Porcentaje de la población NINI entre 18 y 28 años,Anual,Anual,2015,Departamental,Norte de Santander,,,275
Porcentaje de la población NINI entre 18 y 28 años,Anual,Anual,2015,Departamental,Quindio,,,253
Porcentaje de la población NINI entre 18 y 28 años,Anual,Anual,2015,Departamental,Risaralda,,,243
Porcentaje de la población NINI entre 18 y 28 años,Anual,Anual,2015,Departamental,Santander,,,172
Porcentaje de la población NINI entre 18 y 28 años,Anual,Anual,2015,Departamental,Sucre,,,329
Porcentaje de la población NINI entre 18 y 28 años,Anual,Anual,2015,Departamental,Tolima,,,219
Porcentaje de la población NINI entre 18 y 28 años,Anual,Anual,2015,Departamental,Valle del Cauca,,,232
Porcentaje de la población NINI entre 18 y 28 años,Anual,Anual,2014,Departamental,Antioquia,,,228
Porcentaje de la población NINI entre 18 y 28 años,Anual,Anual,2014,Departamental,Atlántico,,,276
Porcentaje de la población NINI entre 18 y 28 años,Anual,Anual,2014,Departamental,Bogotá,,,144
Porcentaje de la población NINI entre 18 y 28 años,Anual,Anual,2014,Departamental,Bolívar,,,282
Porcentaje de la población NINI entre 18 y 28 años,Anual,Anual,2014,Departamental,Boyacá,,,218
Porcentaje de la población NINI entre 18 y 28 años,Anual,Anual,2014,Departamental,Caldas,,,278
Porcentaje de la población NINI entre 18 y 28 años,Anual,Anual,2014,Departamental,Caquetá,,,329
Porcentaje de la población NINI entre 18 y 28 años,Anual,Anual,2014,Departamental,Cauca,,,321
Porcentaje de la población NINI entre 18 y 28 años,Anual,Anual,2014,Departamental,Cesar,,,304
Porcentaje de la población NINI entre 18 y 28 años,Anual,Anual,2014,Departamental,Chocó,,,412
Porcentaje de la población NINI entre 18 y 28 años,Anual,Anual,2014,Departamental,Cundinamarca,,,185
Porcentaje de la población NINI entre 18 y 28 años,Anual,Anual,2014,Departamental,Córdoba,,,307
Porcentaje de la población NINI entre 18 y 28 años,Anual,Anual,2014,Departamental,Huila,,,276
Porcentaje de la población NINI entre 18 y 28 años,Anual,Anual,2014,Departamental,La Guajira,,,224
Porcentaje de la población NINI entre 18 y 28 años,Anual,Anual,2014,Departamental,Magdalena,,,337
Porcentaje de la población NINI entre 18 y 28 años,Anual,Anual,2014,Departamental,Meta,,,292
Porcentaje de la población NINI entre 18 y 28 años,Anual,Anual,2014,Departamental,Nariño,,,254
Porcentaje de la población NINI entre 18 y 28 años,Anual,Anual,2014,Departamental,Norte de Santander,,,284
Porcentaje de la población NINI entre 18 y 28 años,Anual,Anual,2014,Departamental,Quindio,,,261
Porcentaje de la población NINI entre 18 y 28 años,Anual,Anual,2014,Departamental,Risaralda,,,253
Porcentaje de la población NINI entre 18 y 28 años,Anual,Anual,2014,Departamental,Santander,,,163
Porcentaje de la población NINI entre 18 y 28 años,Anual,Anual,2014,Departamental,Sucre,,,319
Porcentaje de la población NINI entre 18 y 28 años,Anual,Anual,2014,Departamental,Tolima,,,236
Porcentaje de la población NINI entre 18 y 28 años,Anual,Anual,2014,Departamental,Valle del Cauca,,,258
Porcentaje de la población NINI entre 18 y 28 años,Anual,Anual,2013,Departamental,Antioquia,,,226
Porcentaje de la población NINI entre 18 y 28 años,Anual,Anual,2013,Departamental,Atlántico,,,292
Porcentaje de la población NINI entre 18 y 28 años,Anual,Anual,2013,Departamental,Bogotá,,,143
Porcentaje de la población NINI entre 18 y 28 años,Anual,Anual,2013,Departamental,Bolívar,,,304
Porcentaje de la población NINI entre 18 y 28 años,Anual,Anual,2013,Departamental,Boyacá,,,252
Porcentaje de la población NINI entre 18 y 28 años,Anual,Anual,2013,Departamental,Caldas,,,319
Porcentaje de la población NINI entre 18 y 28 años,Anual,Anual,2013,Departamental,Caquetá,,,374
Porcentaje de la población NINI entre 18 y 28 años,Anual,Anual,2013,Departamental,Cauca,,,316
Porcentaje de la población NINI entre 18 y 28 años,Anual,Anual,2013,Departamental,Cesar,,,309
Porcentaje de la población NINI entre 18 y 28 años,Anual,Anual,2013,Departamental,Chocó,,,35
Porcentaje de la población NINI entre 18 y 28 años,Anual,Anual,2013,Departamental,Cundinamarca,,,20
Porcentaje de la población NINI entre 18 y 28 años,Anual,Anual,2013,Departamental,Córdoba,,,316
Porcentaje de la población NINI entre 18 y 28 años,Anual,Anual,2013,Departamental,Huila,,,264
Porcentaje de la población NINI entre 18 y 28 años,Anual,Anual,2013,Departamental,La Guajira,,,244
Porcentaje de la población NINI entre 18 y 28 años,Anual,Anual,2013,Departamental,Magdalena,,,366
Porcentaje de la población NINI entre 18 y 28 años,Anual,Anual,2013,Departamental,Meta,,,298
Porcentaje de la población NINI entre 18 y 28 años,Anual,Anual,2013,Departamental,Nariño,,,256
Porcentaje de la población NINI entre 18 y 28 años,Anual,Anual,2013,Departamental,Norte de Santander,,,273
Porcentaje de la población NINI entre 18 y 28 años,Anual,Anual,2013,Departamental,Quindio,,,293
Porcentaje de la población NINI entre 18 y 28 años,Anual,Anual,2013,Departamental,Risaralda,,,272
Porcentaje de la población NINI entre 18 y 28 años,Anual,Anual,2013,Departamental,Santander,,,179
Porcentaje de la población NINI entre 18 y 28 años,Anual,Anual,2013,Departamental,Sucre,,,335
Porcentaje de la población NINI entre 18 y 28 años,Anual,Anual,2013,Departamental,Tolima,,,231
Porcentaje de la población NINI entre 18 y 28 años,Anual,Anual,2013,Departamental,Valle del Cauca,,,268
Porcentaje de la población NINI entre 18 y 28 años,Anual,Anual,2012,Departamental,Antioquia,,,23
Porcentaje de la población NINI entre 18 y 28 años,Anual,Anual,2012,Departamental,Atlántico,,,32
Porcentaje de la población NINI entre 18 y 28 años,Anual,Anual,2012,Departamental,Bogotá,,,159
Porcentaje de la población NINI entre 18 y 28 años,Anual,Anual,2012,Departamental,Bolívar,,,288
Porcentaje de la población NINI entre 18 y 28 años,Anual,Anual,2012,Departamental,Boyacá,,,252
Porcentaje de la población NINI entre 18 y 28 años,Anual,Anual,2012,Departamental,Caldas,,,321
Porcentaje de la población NINI entre 18 y 28 años,Anual,Anual,2012,Departamental,Caquetá,,,376
Porcentaje de la población NINI entre 18 y 28 años,Anual,Anual,2012,Departamental,Cauca,,,332
Porcentaje de la población NINI entre 18 y 28 años,Anual,Anual,2012,Departamental,Cesar,,,302
Porcentaje de la población NINI entre 18 y 28 años,Anual,Anual,2012,Departamental,Chocó,,,357
Porcentaje de la población NINI entre 18 y 28 años,Anual,Anual,2012,Departamental,Cundinamarca,,,202
Porcentaje de la población NINI entre 18 y 28 años,Anual,Anual,2012,Departamental,Córdoba,,,351
Porcentaje de la población NINI entre 18 y 28 años,Anual,Anual,2012,Departamental,Huila,,,259
Porcentaje de la población NINI entre 18 y 28 años,Anual,Anual,2012,Departamental,La Guajira,,,227
Porcentaje de la población NINI entre 18 y 28 años,Anual,Anual,2012,Departamental,Magdalena,,,345
Porcentaje de la población NINI entre 18 y 28 años,Anual,Anual,2012,Departamental,Meta,,,288
Porcentaje de la población NINI entre 18 y 28 años,Anual,Anual,2012,Departamental,Nariño,,,273
Porcentaje de la población NINI entre 18 y 28 años,Anual,Anual,2012,Departamental,Norte de Santander,,,281
Porcentaje de la población NINI entre 18 y 28 años,Anual,Anual,2012,Departamental,Quindio,,,283
Porcentaje de la población NINI entre 18 y 28 años,Anual,Anual,2012,Departamental,Risaralda,,,279
Porcentaje de la población NINI entre 18 y 28 años,Anual,Anual,2012,Departamental,Santander,,,18
Porcentaje de la población NINI entre 18 y 28 años,Anual,Anual,2012,Departamental,Sucre,,,349
Porcentaje de la población NINI entre 18 y 28 años,Anual,Anual,2012,Departamental,Tolima,,,254
Porcentaje de la población NINI entre 18 y 28 años,Anual,Anual,2012,Departamental,Valle del Cauca,,,275
Porcentaje de la población NINI entre 18 y 28 años,Anual,Anual,2011,Departamental,Antioquia,,,245
Porcentaje de la población NINI entre 18 y 28 años,Anual,Anual,2011,Departamental,Atlántico,,,319
Porcentaje de la población NINI entre 18 y 28 años,Anual,Anual,2011,Departamental,Bogotá,,,16
Porcentaje de la población NINI entre 18 y 28 años,Anual,Anual,2011,Departamental,Bolívar,,,305
Porcentaje de la población NINI entre 18 y 28 años,Anual,Anual,2011,Departamental,Boyacá,,,253
Porcentaje de la población NINI entre 18 y 28 años,Anual,Anual,2011,Departamental,Caldas,,,343
Porcentaje de la población NINI entre 18 y 28 años,Anual,Anual,2011,Departamental,Caquetá,,,36
Porcentaje de la población NINI entre 18 y 28 años,Anual,Anual,2011,Departamental,Cauca,,,329
Porcentaje de la población NINI entre 18 y 28 años,Anual,Anual,2011,Departamental,Cesar,,,329
Porcentaje de la población NINI entre 18 y 28 años,Anual,Anual,2011,Departamental,Chocó,,,341
Porcentaje de la población NINI entre 18 y 28 años,Anual,Anual,2011,Departamental,Cundinamarca,,,214
Porcentaje de la población NINI entre 18 y 28 años,Anual,Anual,2011,Departamental,Córdoba,,,35
Porcentaje de la población NINI entre 18 y 28 años,Anual,Anual,2011,Departamental,Huila,,,286
Porcentaje de la población NINI entre 18 y 28 años,Anual,Anual,2011,Departamental,La Guajira,,,262
Porcentaje de la población NINI entre 18 y 28 años,Anual,Anual,2011,Departamental,Magdalena,,,385
Porcentaje de la población NINI entre 18 y 28 años,Anual,Anual,2011,Departamental,Meta,,,285
Porcentaje de la población NINI entre 18 y 28 años,Anual,Anual,2011,Departamental,Nariño,,,294
Porcentaje de la población NINI entre 18 y 28 años,Anual,Anual,2011,Departamental,Norte de Santander,,,288
Porcentaje de la población NINI entre 18 y 28 años,Anual,Anual,2011,Departamental,Quindio,,,31
Porcentaje de la población NINI entre 18 y 28 años,Anual,Anual,2011,Departamental,Risaralda,,,259
Porcentaje de la población NINI entre 18 y 28 años,Anual,Anual,2011,Departamental,Santander,,,20
Porcentaje de la población NINI entre 18 y 28 años,Anual,Anual,2011,Departamental,Sucre,,,356
Porcentaje de la población NINI entre 18 y 28 años,Anual,Anual,2011,Departamental,Tolima,,,261
Porcentaje de la población NINI entre 18 y 28 años,Anual,Anual,2011,Departamental,Valle del Cauca,,,281
Porcentaje de la población NINI entre 18 y 28 años,Anual,Anual,2010,Departamental,Antioquia,,,255
Porcentaje de la población NINI entre 18 y 28 años,Anual,Anual,2010,Departamental,Atlántico,,,322
Porcentaje de la población NINI entre 18 y 28 años,Anual,Anual,2010,Departamental,Bogotá,,,179
Porcentaje de la población NINI entre 18 y 28 años,Anual,Anual,2010,Departamental,Bolívar,,,326
Porcentaje de la población NINI entre 18 y 28 años,Anual,Anual,2010,Departamental,Boyacá,,,286
Porcentaje de la población NINI entre 18 y 28 años,Anual,Anual,2010,Departamental,Caldas,,,333
Porcentaje de la población NINI entre 18 y 28 años,Anual,Anual,2010,Departamental,Caquetá,,,384
Porcentaje de la población NINI entre 18 y 28 años,Anual,Anual,2010,Departamental,Cauca,,,318
Porcentaje de la población NINI entre 18 y 28 años,Anual,Anual,2010,Departamental,Cesar,,,325
Porcentaje de la población NINI entre 18 y 28 años,Anual,Anual,2010,Departamental,Chocó,,,34
Porcentaje de la población NINI entre 18 y 28 años,Anual,Anual,2010,Departamental,Cundinamarca,,,221
Porcentaje de la población NINI entre 18 y 28 años,Anual,Anual,2010,Departamental,Córdoba,,,347
Porcentaje de la población NINI entre 18 y 28 años,Anual,Anual,2010,Departamental,Huila,,,277
Porcentaje de la población NINI entre 18 y 28 años,Anual,Anual,2010,Departamental,La Guajira,,,265
Porcentaje de la población NINI entre 18 y 28 años,Anual,Anual,2010,Departamental,Magdalena,,,35
Porcentaje de la población NINI entre 18 y 28 años,Anual,Anual,2010,Departamental,Meta,,,31
Porcentaje de la población NINI entre 18 y 28 años,Anual,Anual,2010,Departamental,Nariño,,,344
Porcentaje de la población NINI entre 18 y 28 años,Anual,Anual,2010,Departamental,Norte de Santander,,,293
Porcentaje de la población NINI entre 18 y 28 años,Anual,Anual,2010,Departamental,Quindio,,,311
Porcentaje de la población NINI entre 18 y 28 años,Anual,Anual,2010,Departamental,Risaralda,,,309
Porcentaje de la población NINI entre 18 y 28 años,Anual,Anual,2010,Departamental,Santander,,,205
Porcentaje de la población NINI entre 18 y 28 años,Anual,Anual,2010,Departamental,Sucre,,,379
Porcentaje de la población NINI entre 18 y 28 años,Anual,Anual,2010,Departamental,Tolima,,,27
Porcentaje de la población NINI entre 18 y 28 años,Anual,Anual,2010,Departamental,Valle del Cauca,,,258
Porcentaje de la población NINI entre 18 y 28 años,Anual,Anual,2009,Departamental,Antioquia,,,261
Porcentaje de la población NINI entre 18 y 28 años,Anual,Anual,2009,Departamental,Atlántico,,,351
Porcentaje de la población NINI entre 18 y 28 años,Anual,Anual,2009,Departamental,Bogotá,,,208
Porcentaje de la población NINI entre 18 y 28 años,Anual,Anual,2009,Departamental,Bolívar,,,357
Porcentaje de la población NINI entre 18 y 28 años,Anual,Anual,2009,Departamental,Boyacá,,,281
Porcentaje de la población NINI entre 18 y 28 años,Anual,Anual,2009,Departamental,Caldas,,,343
Porcentaje de la población NINI entre 18 y 28 años,Anual,Anual,2009,Departamental,Caquetá,,,395
Porcentaje de la población NINI entre 18 y 28 años,Anual,Anual,2009,Departamental,Cauca,,,306
Porcentaje de la población NINI entre 18 y 28 años,Anual,Anual,2009,Departamental,Cesar,,,322
Porcentaje de la población NINI entre 18 y 28 años,Anual,Anual,2009,Departamental,Chocó,,,34
Porcentaje de la población NINI entre 18 y 28 años,Anual,Anual,2009,Departamental,Cundinamarca,,,216
Porcentaje de la población NINI entre 18 y 28 años,Anual,Anual,2009,Departamental,Córdoba,,,337
Porcentaje de la población NINI entre 18 y 28 años,Anual,Anual,2009,Departamental,Huila,,,301
Porcentaje de la población NINI entre 18 y 28 años,Anual,Anual,2009,Departamental,La Guajira,,,32
Porcentaje de la población NINI entre 18 y 28 años,Anual,Anual,2009,Departamental,Magdalena,,,382
Porcentaje de la población NINI entre 18 y 28 años,Anual,Anual,2009,Departamental,Meta,,,294
Porcentaje de la población NINI entre 18 y 28 años,Anual,Anual,2009,Departamental,Nariño,,,322
Porcentaje de la población NINI entre 18 y 28 años,Anual,Anual,2009,Departamental,Norte de Santander,,,288
Porcentaje de la población NINI entre 18 y 28 años,Anual,Anual,2009,Departamental,Quindio,,,361
Porcentaje de la población NINI entre 18 y 28 años,Anual,Anual,2009,Departamental,Risaralda,,,309
Porcentaje de la población NINI entre 18 y 28 años,Anual,Anual,2009,Departamental,Santander,,,209
Porcentaje de la población NINI entre 18 y 28 años,Anual,Anual,2009,Departamental,Sucre,,,367
Porcentaje de la población NINI entre 18 y 28 años,Anual,Anual,2009,Departamental,Tolima,,,292
Porcentaje de la población NINI entre 18 y 28 años,Anual,Anual,2009,Departamental,Valle del Cauca,,,277
Porcentaje de la población NINI entre 18 y 28 años,Anual,Anual,2008,Departamental,Antioquia,,,30
Porcentaje de la población NINI entre 18 y 28 años,Anual,Anual,2008,Departamental,Atlántico,,,349
Porcentaje de la población NINI entre 18 y 28 años,Anual,Anual,2008,Departamental,Bogotá,,,193
Porcentaje de la población NINI entre 18 y 28 años,Anual,Anual,2008,Departamental,Bolívar,,,355
Porcentaje de la población NINI entre 18 y 28 años,Anual,Anual,2008,Departamental,Boyacá,,,252
Porcentaje de la población NINI entre 18 y 28 años,Anual,Anual,2008,Departamental,Caldas,,,334
Porcentaje de la población NINI entre 18 y 28 años,Anual,Anual,2008,Departamental,Caquetá,,,392
Porcentaje de la población NINI entre 18 y 28 años,Anual,Anual,2008,Departamental,Cauca,,,34
Porcentaje de la población NINI entre 18 y 28 años,Anual,Anual,2008,Departamental,Cesar,,,385
Porcentaje de la población NINI entre 18 y 28 años,Anual,Anual,2008,Departamental,Chocó,,,366
Porcentaje de la población NINI entre 18 y 28 años,Anual,Anual,2008,Departamental,Cundinamarca,,,235
Porcentaje de la población NINI entre 18 y 28 años,Anual,Anual,2008,Departamental,Córdoba,,,353
Porcentaje de la población NINI entre 18 y 28 años,Anual,Anual,2008,Departamental,Huila,,,288
Porcentaje de la población NINI entre 18 y 28 años,Anual,Anual,2008,Departamental,La Guajira,,,398
Porcentaje de la población NINI entre 18 y 28 años,Anual,Anual,2008,Departamental,Magdalena,,,383
Porcentaje de la población NINI entre 18 y 28 años,Anual,Anual,2008,Departamental,Meta,,,289
Porcentaje de la población NINI entre 18 y 28 años,Anual,Anual,2008,Departamental,Nariño,,,352
Porcentaje de la población NINI entre 18 y 28 años,Anual,Anual,2008,Departamental,Norte de Santander,,,29
Porcentaje de la población NINI entre 18 y 28 años,Anual,Anual,2008,Departamental,Quindio,,,311
Porcentaje de la población NINI entre 18 y 28 años,Anual,Anual,2008,Departamental,Risaralda,,,293
Porcentaje de la población NINI entre 18 y 28 años,Anual,Anual,2008,Departamental,Santander,,,246
Porcentaje de la población NINI entre 18 y 28 años,Anual,Anual,2008,Departamental,Sucre,,,362
Porcentaje de la población NINI entre 18 y 28 años,Anual,Anual,2008,Departamental,Tolima,,,285
Porcentaje de la población NINI entre 18 y 28 años,Anual,Anual,2008,Departamental,Valle del Cauca,,,285
Porcentaje de la población NINI entre 18 y 28 años,Anual,Anual,2015,Departamental,Antioquia,Sexo,Hombres,127
Porcentaje de la población NINI entre 18 y 28 años,Anual,Anual,2015,Departamental,Antioquia,Sexo,Mujeres,321
Porcentaje de la población NINI entre 18 y 28 años,Anual,Anual,2015,Departamental,Atlántico,Sexo,Hombres,141
Porcentaje de la población NINI entre 18 y 28 años,Anual,Anual,2015,Departamental,Atlántico,Sexo,Mujeres,388
Porcentaje de la población NINI entre 18 y 28 años,Anual,Anual,2015,Departamental,Bogotá,Sexo,Hombres,93
Porcentaje de la población NINI entre 18 y 28 años,Anual,Anual,2015,Departamental,Bogotá,Sexo,Mujeres,208
Porcentaje de la población NINI entre 18 y 28 años,Anual,Anual,2015,Departamental,Bolívar,Sexo,Hombres,12
Porcentaje de la población NINI entre 18 y 28 años,Anual,Anual,2015,Departamental,Bolívar,Sexo,Mujeres,449
Porcentaje de la población NINI entre 18 y 28 años,Anual,Anual,2015,Departamental,Boyacá,Sexo,Hombres,93
Porcentaje de la población NINI entre 18 y 28 años,Anual,Anual,2015,Departamental,Boyacá,Sexo,Mujeres,303
Porcentaje de la población NINI entre 18 y 28 años,Anual,Anual,2015,Departamental,Caldas,Sexo,Hombres,127
Porcentaje de la población NINI entre 18 y 28 años,Anual,Anual,2015,Departamental,Caldas,Sexo,Mujeres,466
Porcentaje de la población NINI entre 18 y 28 años,Anual,Anual,2015,Departamental,Caquetá,Sexo,Hombres,12
Porcentaje de la población NINI entre 18 y 28 años,Anual,Anual,2015,Departamental,Caquetá,Sexo,Mujeres,523
Porcentaje de la población NINI entre 18 y 28 años,Anual,Anual,2015,Departamental,Cauca,Sexo,Hombres,113
Porcentaje de la población NINI entre 18 y 28 años,Anual,Anual,2015,Departamental,Cauca,Sexo,Mujeres,45
Porcentaje de la población NINI entre 18 y 28 años,Anual,Anual,2015,Departamental,Cesar,Sexo,Hombres,141
Porcentaje de la población NINI entre 18 y 28 años,Anual,Anual,2015,Departamental,Cesar,Sexo,Mujeres,446
Porcentaje de la población NINI entre 18 y 28 años,Anual,Anual,2015,Departamental,Chocó,Sexo,Hombres,164
Porcentaje de la población NINI entre 18 y 28 años,Anual,Anual,2015,Departamental,Chocó,Sexo,Mujeres,532
Porcentaje de la población NINI entre 18 y 28 años,Anual,Anual,2015,Departamental,Cundinamarca,Sexo,Hombres,77
Porcentaje de la población NINI entre 18 y 28 años,Anual,Anual,2015,Departamental,Cundinamarca,Sexo,Mujeres,279
Porcentaje de la población NINI entre 18 y 28 años,Anual,Anual,2015,Departamental,Córdoba,Sexo,Hombres,95
Porcentaje de la población NINI entre 18 y 28 años,Anual,Anual,2015,Departamental,Córdoba,Sexo,Mujeres,413
Porcentaje de la población NINI entre 18 y 28 años,Anual,Anual,2015,Departamental,Huila,Sexo,Hombres,86
Porcentaje de la población NINI entre 18 y 28 años,Anual,Anual,2015,Departamental,Huila,Sexo,Mujeres,371
Porcentaje de la población NINI entre 18 y 28 años,Anual,Anual,2015,Departamental,La Guajira,Sexo,Hombres,115
Porcentaje de la población NINI entre 18 y 28 años,Anual,Anual,2015,Departamental,La Guajira,Sexo,Mujeres,321
Porcentaje de la población NINI entre 18 y 28 años,Anual,Anual,2015,Departamental,Magdalena,Sexo,Hombres,143
Porcentaje de la población NINI entre 18 y 28 años,Anual,Anual,2015,Departamental,Magdalena,Sexo,Mujeres,543
Porcentaje de la población NINI entre 18 y 28 años,Anual,Anual,2015,Departamental,Meta,Sexo,Hombres,137
Porcentaje de la población NINI entre 18 y 28 años,Anual,Anual,2015,Departamental,Meta,Sexo,Mujeres,417
Porcentaje de la población NINI entre 18 y 28 años,Anual,Anual,2015,Departamental,Nariño,Sexo,Hombres,88
Porcentaje de la población NINI entre 18 y 28 años,Anual,Anual,2015,Departamental,Nariño,Sexo,Mujeres,394
Porcentaje de la población NINI entre 18 y 28 años,Anual,Anual,2015,Departamental,Norte de Santander,Sexo,Hombres,14
Porcentaje de la población NINI entre 18 y 28 años,Anual,Anual,2015,Departamental,Norte de Santander,Sexo,Mujeres,41
Porcentaje de la población NINI entre 18 y 28 años,Anual,Anual,2015,Departamental,Quindio,Sexo,Hombres,138
Porcentaje de la población NINI entre 18 y 28 años,Anual,Anual,2015,Departamental,Quindio,Sexo,Mujeres,357
Porcentaje de la población NINI entre 18 y 28 años,Anual,Anual,2015,Departamental,Risaralda,Sexo,Hombres,122
Porcentaje de la población NINI entre 18 y 28 años,Anual,Anual,2015,Departamental,Risaralda,Sexo,Mujeres,359
Porcentaje de la población NINI entre 18 y 28 años,Anual,Anual,2015,Departamental,Santander,Sexo,Hombres,9
Porcentaje de la población NINI entre 18 y 28 años,Anual,Anual,2015,Departamental,Santander,Sexo,Mujeres,257
Porcentaje de la población NINI entre 18 y 28 años,Anual,Anual,2015,Departamental,Sucre,Sexo,Hombres,151
Porcentaje de la población NINI entre 18 y 28 años,Anual,Anual,2015,Departamental,Sucre,Sexo,Mujeres,504
Porcentaje de la población NINI entre 18 y 28 años,Anual,Anual,2015,Departamental,Tolima,Sexo,Hombres,94
Porcentaje de la población NINI entre 18 y 28 años,Anual,Anual,2015,Departamental,Tolima,Sexo,Mujeres,34
Porcentaje de la población NINI entre 18 y 28 años,Anual,Anual,2015,Departamental,Valle del Cauca,Sexo,Hombres,142
Porcentaje de la población NINI entre 18 y 28 años,Anual,Anual,2015,Departamental,Valle del Cauca,Sexo,Mujeres,321
Porcentaje de la población NINI entre 18 y 28 años,Anual,Anual,2014,Departamental,Antioquia,Sexo,Hombres,129
Porcentaje de la población NINI entre 18 y 28 años,Anual,Anual,2014,Departamental,Antioquia,Sexo,Mujeres,324
Porcentaje de la población NINI entre 18 y 28 años,Anual,Anual,2014,Departamental,Atlántico,Sexo,Hombres,149
Porcentaje de la población NINI entre 18 y 28 años,Anual,Anual,2014,Departamental,Atlántico,Sexo,Mujeres,404
Porcentaje de la población NINI entre 18 y 28 años,Anual,Anual,2014,Departamental,Bogotá,Sexo,Hombres,97
Porcentaje de la población NINI entre 18 y 28 años,Anual,Anual,2014,Departamental,Bogotá,Sexo,Mujeres,19
Porcentaje de la población NINI entre 18 y 28 años,Anual,Anual,2014,Departamental,Bolívar,Sexo,Hombres,12
Porcentaje de la población NINI entre 18 y 28 años,Anual,Anual,2014,Departamental,Bolívar,Sexo,Mujeres,446
Porcentaje de la población NINI entre 18 y 28 años,Anual,Anual,2014,Departamental,Boyacá,Sexo,Hombres,108
Porcentaje de la población NINI entre 18 y 28 años,Anual,Anual,2014,Departamental,Boyacá,Sexo,Mujeres,323
Porcentaje de la población NINI entre 18 y 28 años,Anual,Anual,2014,Departamental,Caldas,Sexo,Hombres,141
Porcentaje de la población NINI entre 18 y 28 años,Anual,Anual,2014,Departamental,Caldas,Sexo,Mujeres,406
Porcentaje de la población NINI entre 18 y 28 años,Anual,Anual,2014,Departamental,Caquetá,Sexo,Hombres,10
Porcentaje de la población NINI entre 18 y 28 años,Anual,Anual,2014,Departamental,Caquetá,Sexo,Mujeres,545
Porcentaje de la población NINI entre 18 y 28 años,Anual,Anual,2014,Departamental,Cauca,Sexo,Hombres,157
Porcentaje de la población NINI entre 18 y 28 años,Anual,Anual,2014,Departamental,Cauca,Sexo,Mujeres,483
Porcentaje de la población NINI entre 18 y 28 años,Anual,Anual,2014,Departamental,Cesar,Sexo,Hombres,153
Porcentaje de la población NINI entre 18 y 28 años,Anual,Anual,2014,Departamental,Cesar,Sexo,Mujeres,448
Porcentaje de la población NINI entre 18 y 28 años,Anual,Anual,2014,Departamental,Chocó,Sexo,Hombres,238
Porcentaje de la población NINI entre 18 y 28 años,Anual,Anual,2014,Departamental,Chocó,Sexo,Mujeres,587
Porcentaje de la población NINI entre 18 y 28 años,Anual,Anual,2014,Departamental,Cundinamarca,Sexo,Hombres,82
Porcentaje de la población NINI entre 18 y 28 años,Trimestral,III,2014,Nacional,Colombia,,,232
Porcentaje de la población NINI entre 18 y 28 años,Anual,Anual,2014,Departamental,Cundinamarca,Sexo,Mujeres,277
Porcentaje de la población NINI entre 18 y 28 años,Anual,Anual,2014,Departamental,Córdoba,Sexo,Hombres,119
Porcentaje de la población NINI entre 18 y 28 años,Anual,Anual,2014,Departamental,Córdoba,Sexo,Mujeres,471
Porcentaje de la población NINI entre 18 y 28 años,Anual,Anual,2014,Departamental,Huila,Sexo,Hombres,118
Porcentaje de la población NINI entre 18 y 28 años,Anual,Anual,2014,Departamental,Huila,Sexo,Mujeres,419
Porcentaje de la población NINI entre 18 y 28 años,Anual,Anual,2014,Departamental,La Guajira,Sexo,Hombres,92
Porcentaje de la población NINI entre 18 y 28 años,Anual,Anual,2014,Departamental,La Guajira,Sexo,Mujeres,342
Porcentaje de la población NINI entre 18 y 28 años,Anual,Anual,2014,Departamental,Magdalena,Sexo,Hombres,141
Porcentaje de la población NINI entre 18 y 28 años,Anual,Anual,2014,Departamental,Magdalena,Sexo,Mujeres,529
Porcentaje de la población NINI entre 18 y 28 años,Anual,Anual,2014,Departamental,Meta,Sexo,Hombres,148
Porcentaje de la población NINI entre 18 y 28 años,Anual,Anual,2014,Departamental,Meta,Sexo,Mujeres,429
Porcentaje de la población NINI entre 18 y 28 años,Anual,Anual,2014,Departamental,Nariño,Sexo,Hombres,12
Porcentaje de la población NINI entre 18 y 28 años,Anual,Anual,2014,Departamental,Nariño,Sexo,Mujeres,377
Porcentaje de la población NINI entre 18 y 28 años,Anual,Anual,2014,Departamental,Norte de Santander,Sexo,Hombres,157
Porcentaje de la población NINI entre 18 y 28 años,Anual,Anual,2014,Departamental,Norte de Santander,Sexo,Mujeres,415
Porcentaje de la población NINI entre 18 y 28 años,Anual,Anual,2014,Departamental,Quindio,Sexo,Hombres,143
Porcentaje de la población NINI entre 18 y 28 años,Anual,Anual,2014,Departamental,Quindio,Sexo,Mujeres,368
Porcentaje de la población NINI entre 18 y 28 años,Anual,Anual,2014,Departamental,Risaralda,Sexo,Hombres,141
Porcentaje de la población NINI entre 18 y 28 años,Anual,Anual,2014,Departamental,Risaralda,Sexo,Mujeres,358
Porcentaje de la población NINI entre 18 y 28 años,Anual,Anual,2014,Departamental,Santander,Sexo,Hombres,92
Porcentaje de la población NINI entre 18 y 28 años,Anual,Anual,2014,Departamental,Santander,Sexo,Mujeres,235
Porcentaje de la población NINI entre 18 y 28 años,Anual,Anual,2014,Departamental,Sucre,Sexo,Hombres,134
Porcentaje de la población NINI entre 18 y 28 años,Anual,Anual,2014,Departamental,Sucre,Sexo,Mujeres,505
Porcentaje de la población NINI entre 18 y 28 años,Anual,Anual,2014,Departamental,Tolima,Sexo,Hombres,127
Porcentaje de la población NINI entre 18 y 28 años,Anual,Anual,2014,Departamental,Tolima,Sexo,Mujeres,341
Porcentaje de la población NINI entre 18 y 28 años,Anual,Anual,2014,Departamental,Valle del Cauca,Sexo,Hombres,167
Porcentaje de la población NINI entre 18 y 28 años,Anual,Anual,2014,Departamental,Valle del Cauca,Sexo,Mujeres,344
Porcentaje de la población NINI entre 18 y 28 años,Anual,Anual,2013,Departamental,Antioquia,Sexo,Hombres,128
Porcentaje de la población NINI entre 18 y 28 años,Anual,Anual,2013,Departamental,Antioquia,Sexo,Mujeres,325
Porcentaje de la población NINI entre 18 y 28 años,Anual,Anual,2013,Departamental,Atlántico,Sexo,Hombres,157
Porcentaje de la población NINI entre 18 y 28 años,Anual,Anual,2013,Departamental,Atlántico,Sexo,Mujeres,424
Porcentaje de la población NINI entre 18 y 28 años,Anual,Anual,2013,Departamental,Bogotá,Sexo,Hombres,94
Porcentaje de la población NINI entre 18 y 28 años,Anual,Anual,2013,Departamental,Bogotá,Sexo,Mujeres,189
Porcentaje de la población NINI entre 18 y 28 años,Anual,Anual,2013,Departamental,Bolívar,Sexo,Hombres,129
Porcentaje de la población NINI entre 18 y 28 años,Anual,Anual,2013,Departamental,Bolívar,Sexo,Mujeres,476
Porcentaje de la población NINI entre 18 y 28 años,Anual,Anual,2013,Departamental,Boyacá,Sexo,Hombres,132
Porcentaje de la población NINI entre 18 y 28 años,Anual,Anual,2013,Departamental,Boyacá,Sexo,Mujeres,367
Porcentaje de la población NINI entre 18 y 28 años,Anual,Anual,2013,Departamental,Caldas,Sexo,Hombres,141
Porcentaje de la población NINI entre 18 y 28 años,Anual,Anual,2013,Departamental,Caldas,Sexo,Mujeres,479
Porcentaje de la población NINI entre 18 y 28 años,Anual,Anual,2013,Departamental,Caquetá,Sexo,Hombres,129
Porcentaje de la población NINI entre 18 y 28 años,Anual,Anual,2013,Departamental,Caquetá,Sexo,Mujeres,605
Porcentaje de la población NINI entre 18 y 28 años,Anual,Anual,2013,Departamental,Cauca,Sexo,Hombres,147
Porcentaje de la población NINI entre 18 y 28 años,Anual,Anual,2013,Departamental,Cauca,Sexo,Mujeres,487
Porcentaje de la población NINI entre 18 y 28 años,Anual,Anual,2013,Departamental,Cesar,Sexo,Hombres,132
Porcentaje de la población NINI entre 18 y 28 años,Anual,Anual,2013,Departamental,Cesar,Sexo,Mujeres,479
Porcentaje de la población NINI entre 18 y 28 años,Anual,Anual,2013,Departamental,Chocó,Sexo,Hombres,177
Porcentaje de la población NINI entre 18 y 28 años,Trimestral,II,2014,Nacional,Colombia,,,232
Porcentaje de la población NINI entre 18 y 28 años,Anual,Anual,2013,Departamental,Chocó,Sexo,Mujeres,525
Porcentaje de la población NINI entre 18 y 28 años,Anual,Anual,2013,Departamental,Cundinamarca,Sexo,Hombres,91
Porcentaje de la población NINI entre 18 y 28 años,Anual,Anual,2013,Departamental,Cundinamarca,Sexo,Mujeres,298
Porcentaje de la población NINI entre 18 y 28 años,Anual,Anual,2013,Departamental,Córdoba,Sexo,Hombres,154
Porcentaje de la población NINI entre 18 y 28 años,Anual,Anual,2013,Departamental,Córdoba,Sexo,Mujeres,471
Porcentaje de la población NINI entre 18 y 28 años,Anual,Anual,2013,Departamental,Huila,Sexo,Hombres,108
Porcentaje de la población NINI entre 18 y 28 años,Anual,Anual,2013,Departamental,Huila,Sexo,Mujeres,408
Porcentaje de la población NINI entre 18 y 28 años,Anual,Anual,2013,Departamental,La Guajira,Sexo,Hombres,111
Porcentaje de la población NINI entre 18 y 28 años,Anual,Anual,2013,Departamental,La Guajira,Sexo,Mujeres,364
Porcentaje de la población NINI entre 18 y 28 años,Anual,Anual,2013,Departamental,Magdalena,Sexo,Hombres,177
Porcentaje de la población NINI entre 18 y 28 años,Anual,Anual,2013,Departamental,Magdalena,Sexo,Mujeres,546
Porcentaje de la población NINI entre 18 y 28 años,Anual,Anual,2013,Departamental,Meta,Sexo,Hombres,144
Porcentaje de la población NINI entre 18 y 28 años,Anual,Anual,2013,Departamental,Meta,Sexo,Mujeres,438
Porcentaje de la población NINI entre 18 y 28 años,Anual,Anual,2013,Departamental,Nariño,Sexo,Hombres,123
Porcentaje de la población NINI entre 18 y 28 años,Anual,Anual,2013,Departamental,Nariño,Sexo,Mujeres,382
Porcentaje de la población NINI entre 18 y 28 años,Anual,Anual,2013,Departamental,Norte de Santander,Sexo,Hombres,135
Porcentaje de la población NINI entre 18 y 28 años,Anual,Anual,2013,Departamental,Norte de Santander,Sexo,Mujeres,414
Porcentaje de la población NINI entre 18 y 28 años,Anual,Anual,2013,Departamental,Quindio,Sexo,Hombres,175
Porcentaje de la población NINI entre 18 y 28 años,Anual,Anual,2013,Departamental,Quindio,Sexo,Mujeres,401
Porcentaje de la población NINI entre 18 y 28 años,Anual,Anual,2013,Departamental,Risaralda,Sexo,Hombres,149
Porcentaje de la población NINI entre 18 y 28 años,Anual,Anual,2013,Departamental,Risaralda,Sexo,Mujeres,384
Porcentaje de la población NINI entre 18 y 28 años,Anual,Anual,2013,Departamental,Santander,Sexo,Hombres,91
Porcentaje de la población NINI entre 18 y 28 años,Anual,Anual,2013,Departamental,Santander,Sexo,Mujeres,265
Porcentaje de la población NINI entre 18 y 28 años,Anual,Anual,2013,Departamental,Sucre,Sexo,Hombres,149
Porcentaje de la población NINI entre 18 y 28 años,Anual,Anual,2013,Departamental,Sucre,Sexo,Mujeres,527
Porcentaje de la población NINI entre 18 y 28 años,Anual,Anual,2013,Departamental,Tolima,Sexo,Hombres,104
Porcentaje de la población NINI entre 18 y 28 años,Anual,Anual,2013,Departamental,Tolima,Sexo,Mujeres,36
Porcentaje de la población NINI entre 18 y 28 años,Anual,Anual,2013,Departamental,Valle del Cauca,Sexo,Hombres,187
Porcentaje de la población NINI entre 18 y 28 años,Anual,Anual,2013,Departamental,Valle del Cauca,Sexo,Mujeres,346
Porcentaje de la población NINI entre 18 y 28 años,Anual,Anual,2012,Departamental,Antioquia,Sexo,Hombres,117
Porcentaje de la población NINI entre 18 y 28 años,Anual,Anual,2012,Departamental,Antioquia,Sexo,Mujeres,338
Porcentaje de la población NINI entre 18 y 28 años,Anual,Anual,2012,Departamental,Atlántico,Sexo,Hombres,18
Porcentaje de la población NINI entre 18 y 28 años,Anual,Anual,2012,Departamental,Atlántico,Sexo,Mujeres,454
Porcentaje de la población NINI entre 18 y 28 años,Anual,Anual,2012,Departamental,Bogotá,Sexo,Hombres,99
Porcentaje de la población NINI entre 18 y 28 años,Anual,Anual,2012,Departamental,Bogotá,Sexo,Mujeres,217
Porcentaje de la población NINI entre 18 y 28 años,Anual,Anual,2012,Departamental,Bolívar,Sexo,Hombres,129
Porcentaje de la población NINI entre 18 y 28 años,Anual,Anual,2012,Departamental,Bolívar,Sexo,Mujeres,447
Porcentaje de la población NINI entre 18 y 28 años,Anual,Anual,2012,Departamental,Boyacá,Sexo,Hombres,117
Porcentaje de la población NINI entre 18 y 28 años,Anual,Anual,2012,Departamental,Boyacá,Sexo,Mujeres,388
Porcentaje de la población NINI entre 18 y 28 años,Anual,Anual,2012,Departamental,Caldas,Sexo,Hombres,17
Porcentaje de la población NINI entre 18 y 28 años,Anual,Anual,2012,Departamental,Caldas,Sexo,Mujeres,46
Porcentaje de la población NINI entre 18 y 28 años,Anual,Anual,2012,Departamental,Caquetá,Sexo,Hombres,127
Porcentaje de la población NINI entre 18 y 28 años,Anual,Anual,2012,Departamental,Caquetá,Sexo,Mujeres,595
Porcentaje de la población NINI entre 18 y 28 años,Anual,Anual,2012,Departamental,Cauca,Sexo,Hombres,159
Porcentaje de la población NINI entre 18 y 28 años,Anual,Anual,2012,Departamental,Cauca,Sexo,Mujeres,501
Porcentaje de la población NINI entre 18 y 28 años,Anual,Anual,2012,Departamental,Cesar,Sexo,Hombres,14
Porcentaje de la población NINI entre 18 y 28 años,Anual,Anual,2012,Departamental,Cesar,Sexo,Mujeres,464
Porcentaje de la población NINI entre 18 y 28 años,Anual,Anual,2012,Departamental,Chocó,Sexo,Hombres,141
Porcentaje de la población NINI entre 18 y 28 años,Anual,Anual,2012,Departamental,Chocó,Sexo,Mujeres,58
Porcentaje de la población NINI entre 18 y 28 años,Anual,Anual,2012,Departamental,Cundinamarca,Sexo,Hombres,87
Porcentaje de la población NINI entre 18 y 28 años,Anual,Anual,2012,Departamental,Cundinamarca,Sexo,Mujeres,308
Porcentaje de la población NINI entre 18 y 28 años,Anual,Anual,2012,Departamental,Córdoba,Sexo,Hombres,158
Porcentaje de la población NINI entre 18 y 28 años,Anual,Anual,2012,Departamental,Córdoba,Sexo,Mujeres,527
Porcentaje de la población NINI entre 18 y 28 años,Anual,Anual,2012,Departamental,Huila,Sexo,Hombres,99
Porcentaje de la población NINI entre 18 y 28 años,Anual,Anual,2012,Departamental,Huila,Sexo,Mujeres,405
Porcentaje de la población NINI entre 18 y 28 años,Anual,Anual,2012,Departamental,La Guajira,Sexo,Hombres,127
Porcentaje de la población NINI entre 18 y 28 años,Anual,Anual,2012,Departamental,La Guajira,Sexo,Mujeres,321
Porcentaje de la población NINI entre 18 y 28 años,Anual,Anual,2012,Departamental,Magdalena,Sexo,Hombres,156
Porcentaje de la población NINI entre 18 y 28 años,Anual,Anual,2012,Departamental,Magdalena,Sexo,Mujeres,532
Porcentaje de la población NINI entre 18 y 28 años,Anual,Anual,2012,Departamental,Meta,Sexo,Hombres,126
Porcentaje de la población NINI entre 18 y 28 años,Anual,Anual,2012,Departamental,Meta,Sexo,Mujeres,439
Porcentaje de la población NINI entre 18 y 28 años,Anual,Anual,2012,Departamental,Nariño,Sexo,Hombres,138
Porcentaje de la población NINI entre 18 y 28 años,Anual,Anual,2012,Departamental,Nariño,Sexo,Mujeres,41
Porcentaje de la población NINI entre 18 y 28 años,Anual,Anual,2012,Departamental,Norte de Santander,Sexo,Hombres,133
Porcentaje de la población NINI entre 18 y 28 años,Anual,Anual,2012,Departamental,Norte de Santander,Sexo,Mujeres,433
Porcentaje de la población NINI entre 18 y 28 años,Anual,Anual,2012,Departamental,Quindio,Sexo,Hombres,151
Porcentaje de la población NINI entre 18 y 28 años,Anual,Anual,2012,Departamental,Quindio,Sexo,Mujeres,398
Porcentaje de la población NINI entre 18 y 28 años,Anual,Anual,2012,Departamental,Risaralda,Sexo,Hombres,167
Porcentaje de la población NINI entre 18 y 28 años,Anual,Anual,2012,Departamental,Risaralda,Sexo,Mujeres,385
Porcentaje de la población NINI entre 18 y 28 años,Anual,Anual,2012,Departamental,Santander,Sexo,Hombres,87
Porcentaje de la población NINI entre 18 y 28 años,Anual,Anual,2012,Departamental,Santander,Sexo,Mujeres,274
Porcentaje de la población NINI entre 18 y 28 años,Anual,Anual,2012,Departamental,Sucre,Sexo,Hombres,164
Porcentaje de la población NINI entre 18 y 28 años,Anual,Anual,2012,Departamental,Sucre,Sexo,Mujeres,539
Porcentaje de la población NINI entre 18 y 28 años,Anual,Anual,2012,Departamental,Tolima,Sexo,Hombres,13
Porcentaje de la población NINI entre 18 y 28 años,Anual,Anual,2012,Departamental,Tolima,Sexo,Mujeres,372
Porcentaje de la población NINI entre 18 y 28 años,Anual,Anual,2012,Departamental,Valle del Cauca,Sexo,Hombres,183
Porcentaje de la población NINI entre 18 y 28 años,Anual,Anual,2012,Departamental,Valle del Cauca,Sexo,Mujeres,364
Porcentaje de la población NINI entre 18 y 28 años,Anual,Anual,2011,Departamental,Antioquia,Sexo,Hombres,128
Porcentaje de la población NINI entre 18 y 28 años,Anual,Anual,2011,Departamental,Antioquia,Sexo,Mujeres,361
Porcentaje de la población NINI entre 18 y 28 años,Anual,Anual,2011,Departamental,Atlántico,Sexo,Hombres,178
Porcentaje de la población NINI entre 18 y 28 años,Anual,Anual,2011,Departamental,Atlántico,Sexo,Mujeres,461
Porcentaje de la población NINI entre 18 y 28 años,Anual,Anual,2011,Departamental,Bogotá,Sexo,Hombres,102
Porcentaje de la población NINI entre 18 y 28 años,Anual,Anual,2011,Departamental,Bogotá,Sexo,Mujeres,216
Porcentaje de la población NINI entre 18 y 28 años,Anual,Anual,2011,Departamental,Bolívar,Sexo,Hombres,118
Porcentaje de la población NINI entre 18 y 28 años,Anual,Anual,2011,Departamental,Bolívar,Sexo,Mujeres,487
Porcentaje de la población NINI entre 18 y 28 años,Anual,Anual,2011,Departamental,Boyacá,Sexo,Hombres,115
Porcentaje de la población NINI entre 18 y 28 años,Anual,Anual,2011,Departamental,Boyacá,Sexo,Mujeres,388
Porcentaje de la población NINI entre 18 y 28 años,Anual,Anual,2011,Departamental,Caldas,Sexo,Hombres,17
Porcentaje de la población NINI entre 18 y 28 años,Anual,Anual,2011,Departamental,Caldas,Sexo,Mujeres,508
Porcentaje de la población NINI entre 18 y 28 años,Anual,Anual,2011,Departamental,Caquetá,Sexo,Hombres,124
Porcentaje de la población NINI entre 18 y 28 años,Anual,Anual,2011,Departamental,Caquetá,Sexo,Mujeres,581
Porcentaje de la población NINI entre 18 y 28 años,Anual,Anual,2011,Departamental,Cauca,Sexo,Hombres,148
Porcentaje de la población NINI entre 18 y 28 años,Anual,Anual,2011,Departamental,Cauca,Sexo,Mujeres,511
Porcentaje de la población NINI entre 18 y 28 años,Anual,Anual,2011,Departamental,Cesar,Sexo,Hombres,143
Porcentaje de la población NINI entre 18 y 28 años,Anual,Anual,2011,Departamental,Cesar,Sexo,Mujeres,508
Porcentaje de la población NINI entre 18 y 28 años,Anual,Anual,2011,Departamental,Chocó,Sexo,Hombres,124
Porcentaje de la población NINI entre 18 y 28 años,Anual,Anual,2011,Departamental,Chocó,Sexo,Mujeres,548
Porcentaje de la población NINI entre 18 y 28 años,Anual,Anual,2011,Departamental,Cundinamarca,Sexo,Hombres,89
Porcentaje de la población NINI entre 18 y 28 años,Anual,Anual,2011,Departamental,Cundinamarca,Sexo,Mujeres,336
Porcentaje de la población NINI entre 18 y 28 años,Anual,Anual,2011,Departamental,Córdoba,Sexo,Hombres,177
Porcentaje de la población NINI entre 18 y 28 años,Anual,Anual,2011,Departamental,Córdoba,Sexo,Mujeres,516
Porcentaje de la población NINI entre 18 y 28 años,Anual,Anual,2011,Departamental,Huila,Sexo,Hombres,102
Porcentaje de la población NINI entre 18 y 28 años,Anual,Anual,2011,Departamental,Huila,Sexo,Mujeres,464
Porcentaje de la población NINI entre 18 y 28 años,Anual,Anual,2011,Departamental,La Guajira,Sexo,Hombres,142
Porcentaje de la población NINI entre 18 y 28 años,Anual,Anual,2011,Departamental,La Guajira,Sexo,Mujeres,377
Porcentaje de la población NINI entre 18 y 28 años,Anual,Anual,2011,Departamental,Magdalena,Sexo,Hombres,197
Porcentaje de la población NINI entre 18 y 28 años,Anual,Anual,2011,Departamental,Magdalena,Sexo,Mujeres,561
Porcentaje de la población NINI entre 18 y 28 años,Anual,Anual,2011,Departamental,Meta,Sexo,Hombres,132
Porcentaje de la población NINI entre 18 y 28 años,Anual,Anual,2011,Departamental,Meta,Sexo,Mujeres,427
Porcentaje de la población NINI entre 18 y 28 años,Anual,Anual,2011,Departamental,Nariño,Sexo,Hombres,142
Porcentaje de la población NINI entre 18 y 28 años,Anual,Anual,2011,Departamental,Nariño,Sexo,Mujeres,448
Porcentaje de la población NINI entre 18 y 28 años,Anual,Anual,2011,Departamental,Norte de Santander,Sexo,Hombres,135
Porcentaje de la población NINI entre 18 y 28 años,Anual,Anual,2011,Departamental,Norte de Santander,Sexo,Mujeres,438
Porcentaje de la población NINI entre 18 y 28 años,Anual,Anual,2011,Departamental,Quindio,Sexo,Hombres,185
Porcentaje de la población NINI entre 18 y 28 años,Anual,Anual,2011,Departamental,Quindio,Sexo,Mujeres,423
Porcentaje de la población NINI entre 18 y 28 años,Anual,Anual,2011,Departamental,Risaralda,Sexo,Hombres,153
Porcentaje de la población NINI entre 18 y 28 años,Anual,Anual,2011,Departamental,Risaralda,Sexo,Mujeres,359
Porcentaje de la población NINI entre 18 y 28 años,Anual,Anual,2011,Departamental,Santander,Sexo,Hombres,11
Porcentaje de la población NINI entre 18 y 28 años,Anual,Anual,2011,Departamental,Santander,Sexo,Mujeres,287
Porcentaje de la población NINI entre 18 y 28 años,Anual,Anual,2011,Departamental,Sucre,Sexo,Hombres,169
Porcentaje de la población NINI entre 18 y 28 años,Anual,Anual,2011,Departamental,Sucre,Sexo,Mujeres,559
Porcentaje de la población NINI entre 18 y 28 años,Anual,Anual,2011,Departamental,Tolima,Sexo,Hombres,151
Porcentaje de la población NINI entre 18 y 28 años,Anual,Anual,2011,Departamental,Tolima,Sexo,Mujeres,371
Porcentaje de la población NINI entre 18 y 28 años,Anual,Anual,2011,Departamental,Valle del Cauca,Sexo,Hombres,193
Porcentaje de la población NINI entre 18 y 28 años,Anual,Anual,2011,Departamental,Valle del Cauca,Sexo,Mujeres,367
Porcentaje de la población NINI entre 18 y 28 años,Anual,Anual,2010,Departamental,Antioquia,Sexo,Hombres,138
Porcentaje de la población NINI entre 18 y 28 años,Anual,Anual,2010,Departamental,Antioquia,Sexo,Mujeres,369
Porcentaje de la población NINI entre 18 y 28 años,Anual,Anual,2010,Departamental,Atlántico,Sexo,Hombres,182
Porcentaje de la población NINI entre 18 y 28 años,Anual,Anual,2010,Departamental,Atlántico,Sexo,Mujeres,46
Porcentaje de la población NINI entre 18 y 28 años,Anual,Anual,2010,Departamental,Bogotá,Sexo,Hombres,113
Porcentaje de la población NINI entre 18 y 28 años,Anual,Anual,2010,Departamental,Bogotá,Sexo,Mujeres,242
Porcentaje de la población NINI entre 18 y 28 años,Anual,Anual,2010,Departamental,Bolívar,Sexo,Hombres,145
Porcentaje de la población NINI entre 18 y 28 años,Anual,Anual,2010,Departamental,Bolívar,Sexo,Mujeres,508
Porcentaje de la población NINI entre 18 y 28 años,Anual,Anual,2010,Departamental,Boyacá,Sexo,Hombres,148
Porcentaje de la población NINI entre 18 y 28 años,Anual,Anual,2010,Departamental,Boyacá,Sexo,Mujeres,415
Porcentaje de la población NINI entre 18 y 28 años,Anual,Anual,2010,Departamental,Caldas,Sexo,Hombres,181
Porcentaje de la población NINI entre 18 y 28 años,Anual,Anual,2010,Departamental,Caldas,Sexo,Mujeres,471
Porcentaje de la población NINI entre 18 y 28 años,Anual,Anual,2010,Departamental,Caquetá,Sexo,Hombres,142
Porcentaje de la población NINI entre 18 y 28 años,Anual,Anual,2010,Departamental,Caquetá,Sexo,Mujeres,608
Porcentaje de la población NINI entre 18 y 28 años,Anual,Anual,2010,Departamental,Cauca,Sexo,Hombres,132
Porcentaje de la población NINI entre 18 y 28 años,Anual,Anual,2010,Departamental,Cauca,Sexo,Mujeres,504
Porcentaje de la población NINI entre 18 y 28 años,Anual,Anual,2010,Departamental,Cesar,Sexo,Hombres,146
Porcentaje de la población NINI entre 18 y 28 años,Anual,Anual,2010,Departamental,Cesar,Sexo,Mujeres,494
Porcentaje de la población NINI entre 18 y 28 años,Anual,Anual,2010,Departamental,Chocó,Sexo,Hombres,106
Porcentaje de la población NINI entre 18 y 28 años,Anual,Anual,2010,Departamental,Chocó,Sexo,Mujeres,566
Porcentaje de la población NINI entre 18 y 28 años,Anual,Anual,2010,Departamental,Cundinamarca,Sexo,Hombres,124
Porcentaje de la población NINI entre 18 y 28 años,Anual,Anual,2010,Departamental,Cundinamarca,Sexo,Mujeres,321
Porcentaje de la población NINI entre 18 y 28 años,Anual,Anual,2010,Departamental,Córdoba,Sexo,Hombres,176
Porcentaje de la población NINI entre 18 y 28 años,Anual,Anual,2010,Departamental,Córdoba,Sexo,Mujeres,515
Porcentaje de la población NINI entre 18 y 28 años,Anual,Anual,2010,Departamental,Huila,Sexo,Hombres,124
Porcentaje de la población NINI entre 18 y 28 años,Anual,Anual,2010,Departamental,Huila,Sexo,Mujeres,43
Porcentaje de la población NINI entre 18 y 28 años,Anual,Anual,2010,Departamental,La Guajira,Sexo,Hombres,104
Porcentaje de la población NINI entre 18 y 28 años,Anual,Anual,2010,Departamental,La Guajira,Sexo,Mujeres,414
Porcentaje de la población NINI entre 18 y 28 años,Anual,Anual,2010,Departamental,Magdalena,Sexo,Hombres,174
Porcentaje de la población NINI entre 18 y 28 años,Anual,Anual,2010,Departamental,Magdalena,Sexo,Mujeres,52
Porcentaje de la población NINI entre 18 y 28 años,Anual,Anual,2010,Departamental,Meta,Sexo,Hombres,155
Porcentaje de la población NINI entre 18 y 28 años,Anual,Anual,2010,Departamental,Meta,Sexo,Mujeres,45
Porcentaje de la población NINI entre 18 y 28 años,Anual,Anual,2010,Departamental,Nariño,Sexo,Hombres,159
Porcentaje de la población NINI entre 18 y 28 años,Anual,Anual,2010,Departamental,Nariño,Sexo,Mujeres,535
Porcentaje de la población NINI entre 18 y 28 años,Anual,Anual,2010,Departamental,Norte de Santander,Sexo,Hombres,144
Porcentaje de la población NINI entre 18 y 28 años,Anual,Anual,2010,Departamental,Norte de Santander,Sexo,Mujeres,439
Porcentaje de la población NINI entre 18 y 28 años,Anual,Anual,2010,Departamental,Quindio,Sexo,Hombres,193
Porcentaje de la población NINI entre 18 y 28 años,Anual,Anual,2010,Departamental,Quindio,Sexo,Mujeres,418
Porcentaje de la población NINI entre 18 y 28 años,Anual,Anual,2010,Departamental,Risaralda,Sexo,Hombres,191
Porcentaje de la población NINI entre 18 y 28 años,Anual,Anual,2010,Departamental,Risaralda,Sexo,Mujeres,418
Porcentaje de la población NINI entre 18 y 28 años,Anual,Anual,2010,Departamental,Santander,Sexo,Hombres,96
Porcentaje de la población NINI entre 18 y 28 años,Anual,Anual,2010,Departamental,Santander,Sexo,Mujeres,31
Porcentaje de la población NINI entre 18 y 28 años,Anual,Anual,2010,Departamental,Sucre,Sexo,Hombres,189
Porcentaje de la población NINI entre 18 y 28 años,Anual,Anual,2010,Departamental,Sucre,Sexo,Mujeres,561
Porcentaje de la población NINI entre 18 y 28 años,Anual,Anual,2010,Departamental,Tolima,Sexo,Hombres,125
Porcentaje de la población NINI entre 18 y 28 años,Anual,Anual,2010,Departamental,Tolima,Sexo,Mujeres,405
Porcentaje de la población NINI entre 18 y 28 años,Anual,Anual,2010,Departamental,Valle del Cauca,Sexo,Hombres,173
Porcentaje de la población NINI entre 18 y 28 años,Anual,Anual,2010,Departamental,Valle del Cauca,Sexo,Mujeres,343
Porcentaje de la población NINI entre 18 y 28 años,Anual,Anual,2009,Departamental,Antioquia,Sexo,Hombres,143
Porcentaje de la población NINI entre 18 y 28 años,Anual,Anual,2009,Departamental,Antioquia,Sexo,Mujeres,375
Porcentaje de la población NINI entre 18 y 28 años,Anual,Anual,2009,Departamental,Atlántico,Sexo,Hombres,206
Porcentaje de la población NINI entre 18 y 28 años,Anual,Anual,2009,Departamental,Atlántico,Sexo,Mujeres,491
Porcentaje de la población NINI entre 18 y 28 años,Anual,Anual,2009,Departamental,Bogotá,Sexo,Hombres,143
Porcentaje de la población NINI entre 18 y 28 años,Anual,Anual,2009,Departamental,Bogotá,Sexo,Mujeres,27
Porcentaje de la población NINI entre 18 y 28 años,Anual,Anual,2009,Departamental,Bolívar,Sexo,Hombres,162
Porcentaje de la población NINI entre 18 y 28 años,Anual,Anual,2009,Departamental,Bolívar,Sexo,Mujeres,55
Porcentaje de la población NINI entre 18 y 28 años,Anual,Anual,2009,Departamental,Boyacá,Sexo,Hombres,146
Porcentaje de la población NINI entre 18 y 28 años,Anual,Anual,2009,Departamental,Boyacá,Sexo,Mujeres,417
Porcentaje de la población NINI entre 18 y 28 años,Anual,Anual,2009,Departamental,Caldas,Sexo,Hombres,185
Porcentaje de la población NINI entre 18 y 28 años,Anual,Anual,2009,Departamental,Caldas,Sexo,Mujeres,492
Porcentaje de la población NINI entre 18 y 28 años,Anual,Anual,2009,Departamental,Caquetá,Sexo,Hombres,123
Porcentaje de la población NINI entre 18 y 28 años,Anual,Anual,2009,Departamental,Caquetá,Sexo,Mujeres,643
Porcentaje de la población NINI entre 18 y 28 años,Anual,Anual,2009,Departamental,Cauca,Sexo,Hombres,13
Porcentaje de la población NINI entre 18 y 28 años,Anual,Anual,2009,Departamental,Cauca,Sexo,Mujeres,475
Porcentaje de la población NINI entre 18 y 28 años,Anual,Anual,2009,Departamental,Cesar,Sexo,Hombres,157
Porcentaje de la población NINI entre 18 y 28 años,Anual,Anual,2009,Departamental,Cesar,Sexo,Mujeres,483
Porcentaje de la población NINI entre 18 y 28 años,Anual,Anual,2009,Departamental,Chocó,Sexo,Hombres,127
Porcentaje de la población NINI entre 18 y 28 años,Anual,Anual,2009,Departamental,Chocó,Sexo,Mujeres,537
Porcentaje de la población NINI entre 18 y 28 años,Anual,Anual,2009,Departamental,Cundinamarca,Sexo,Hombres,10
Porcentaje de la población NINI entre 18 y 28 años,Anual,Anual,2009,Departamental,Cundinamarca,Sexo,Mujeres,338
Porcentaje de la población NINI entre 18 y 28 años,Anual,Anual,2009,Departamental,Córdoba,Sexo,Hombres,154
Porcentaje de la población NINI entre 18 y 28 años,Anual,Anual,2009,Departamental,Córdoba,Sexo,Mujeres,512
Porcentaje de la población NINI entre 18 y 28 años,Anual,Anual,2009,Departamental,Huila,Sexo,Hombres,137
Porcentaje de la población NINI entre 18 y 28 años,Anual,Anual,2009,Departamental,Huila,Sexo,Mujeres,452
Porcentaje de la población NINI entre 18 y 28 años,Anual,Anual,2009,Departamental,La Guajira,Sexo,Hombres,134
Porcentaje de la población NINI entre 18 y 28 años,Anual,Anual,2009,Departamental,La Guajira,Sexo,Mujeres,481
Porcentaje de la población NINI entre 18 y 28 años,Anual,Anual,2009,Departamental,Magdalena,Sexo,Hombres,179
Porcentaje de la población NINI entre 18 y 28 años,Anual,Anual,2009,Departamental,Magdalena,Sexo,Mujeres,587
Porcentaje de la población NINI entre 18 y 28 años,Anual,Anual,2009,Departamental,Meta,Sexo,Hombres,139
Porcentaje de la población NINI entre 18 y 28 años,Anual,Anual,2009,Departamental,Meta,Sexo,Mujeres,443
Porcentaje de la población NINI entre 18 y 28 años,Anual,Anual,2009,Departamental,Nariño,Sexo,Hombres,144
Porcentaje de la población NINI entre 18 y 28 años,Anual,Anual,2009,Departamental,Nariño,Sexo,Mujeres,497
Porcentaje de la población NINI entre 18 y 28 años,Anual,Anual,2009,Departamental,Norte de Santander,Sexo,Hombres,13
Porcentaje de la población NINI entre 18 y 28 años,Anual,Anual,2009,Departamental,Norte de Santander,Sexo,Mujeres,443
Porcentaje de la población NINI entre 18 y 28 años,Anual,Anual,2009,Departamental,Quindio,Sexo,Hombres,243
Porcentaje de la población NINI entre 18 y 28 años,Anual,Anual,2009,Departamental,Quindio,Sexo,Mujeres,47
Porcentaje de la población NINI entre 18 y 28 años,Anual,Anual,2009,Departamental,Risaralda,Sexo,Hombres,18
Porcentaje de la población NINI entre 18 y 28 años,Anual,Anual,2009,Departamental,Risaralda,Sexo,Mujeres,427
Porcentaje de la población NINI entre 18 y 28 años,Anual,Anual,2009,Departamental,Santander,Sexo,Hombres,93
Porcentaje de la población NINI entre 18 y 28 años,Anual,Anual,2009,Departamental,Santander,Sexo,Mujeres,321
Porcentaje de la población NINI entre 18 y 28 años,Anual,Anual,2009,Departamental,Sucre,Sexo,Hombres,186
Porcentaje de la población NINI entre 18 y 28 años,Anual,Anual,2009,Departamental,Sucre,Sexo,Mujeres,556
Porcentaje de la población NINI entre 18 y 28 años,Anual,Anual,2009,Departamental,Tolima,Sexo,Hombres,155
Porcentaje de la población NINI entre 18 y 28 años,Anual,Anual,2009,Departamental,Tolima,Sexo,Mujeres,431
Porcentaje de la población NINI entre 18 y 28 años,Anual,Anual,2009,Departamental,Valle del Cauca,Sexo,Hombres,191
Porcentaje de la población NINI entre 18 y 28 años,Anual,Anual,2009,Departamental,Valle del Cauca,Sexo,Mujeres,359
Porcentaje de la población NINI entre 18 y 28 años,Anual,Anual,2008,Departamental,Antioquia,Sexo,Hombres,175
Porcentaje de la población NINI entre 18 y 28 años,Anual,Anual,2008,Departamental,Antioquia,Sexo,Mujeres,42
Porcentaje de la población NINI entre 18 y 28 años,Anual,Anual,2008,Departamental,Atlántico,Sexo,Hombres,209
Porcentaje de la población NINI entre 18 y 28 años,Anual,Anual,2008,Departamental,Atlántico,Sexo,Mujeres,491
Porcentaje de la población NINI entre 18 y 28 años,Anual,Anual,2008,Departamental,Bogotá,Sexo,Hombres,127
Porcentaje de la población NINI entre 18 y 28 años,Anual,Anual,2008,Departamental,Bogotá,Sexo,Mujeres,257
Porcentaje de la población NINI entre 18 y 28 años,Anual,Anual,2008,Departamental,Bolívar,Sexo,Hombres,154
Porcentaje de la población NINI entre 18 y 28 años,Anual,Anual,2008,Departamental,Bolívar,Sexo,Mujeres,547
Porcentaje de la población NINI entre 18 y 28 años,Anual,Anual,2008,Departamental,Boyacá,Sexo,Hombres,127
Porcentaje de la población NINI entre 18 y 28 años,Anual,Anual,2008,Departamental,Boyacá,Sexo,Mujeres,366
Porcentaje de la población NINI entre 18 y 28 años,Anual,Anual,2008,Departamental,Caldas,Sexo,Hombres,176
Porcentaje de la población NINI entre 18 y 28 años,Anual,Anual,2008,Departamental,Caldas,Sexo,Mujeres,491
Porcentaje de la población NINI entre 18 y 28 años,Anual,Anual,2008,Departamental,Caquetá,Sexo,Hombres,118
Porcentaje de la población NINI entre 18 y 28 años,Anual,Anual,2008,Departamental,Caquetá,Sexo,Mujeres,641
Porcentaje de la población NINI entre 18 y 28 años,Anual,Anual,2008,Departamental,Cauca,Sexo,Hombres,147
Porcentaje de la población NINI entre 18 y 28 años,Anual,Anual,2008,Departamental,Cauca,Sexo,Mujeres,534
Porcentaje de la población NINI entre 18 y 28 años,Anual,Anual,2008,Departamental,Cesar,Sexo,Hombres,212
Porcentaje de la población NINI entre 18 y 28 años,Anual,Anual,2008,Departamental,Cesar,Sexo,Mujeres,542
Porcentaje de la población NINI entre 18 y 28 años,Anual,Anual,2008,Departamental,Chocó,Sexo,Hombres,14
Porcentaje de la población NINI entre 18 y 28 años,Anual,Anual,2008,Departamental,Chocó,Sexo,Mujeres,58
Porcentaje de la población NINI entre 18 y 28 años,Anual,Anual,2008,Departamental,Cundinamarca,Sexo,Hombres,108
Porcentaje de la población NINI entre 18 y 28 años,Anual,Anual,2008,Departamental,Cundinamarca,Sexo,Mujeres,367
Porcentaje de la población NINI entre 18 y 28 años,Anual,Anual,2008,Departamental,Córdoba,Sexo,Hombres,182
Porcentaje de la población NINI entre 18 y 28 años,Anual,Anual,2008,Departamental,Córdoba,Sexo,Mujeres,522
Porcentaje de la población NINI entre 18 y 28 años,Anual,Anual,2008,Departamental,Huila,Sexo,Hombres,121
Porcentaje de la población NINI entre 18 y 28 años,Anual,Anual,2008,Departamental,Huila,Sexo,Mujeres,449
Porcentaje de la población NINI entre 18 y 28 años,Anual,Anual,2008,Departamental,La Guajira,Sexo,Hombres,247
Porcentaje de la población NINI entre 18 y 28 años,Anual,Anual,2008,Departamental,La Guajira,Sexo,Mujeres,542
Porcentaje de la población NINI entre 18 y 28 años,Anual,Anual,2008,Departamental,Magdalena,Sexo,Hombres,181
Porcentaje de la población NINI entre 18 y 28 años,Anual,Anual,2008,Departamental,Magdalena,Sexo,Mujeres,574
Porcentaje de la población NINI entre 18 y 28 años,Anual,Anual,2008,Departamental,Meta,Sexo,Hombres,151
Porcentaje de la población NINI entre 18 y 28 años,Anual,Anual,2008,Departamental,Meta,Sexo,Mujeres,415
Porcentaje de la población NINI entre 18 y 28 años,Anual,Anual,2008,Departamental,Nariño,Sexo,Hombres,142
Porcentaje de la población NINI entre 18 y 28 años,Anual,Anual,2008,Departamental,Nariño,Sexo,Mujeres,561
Porcentaje de la población NINI entre 18 y 28 años,Anual,Anual,2008,Departamental,Norte de Santander,Sexo,Hombres,133
Porcentaje de la población NINI entre 18 y 28 años,Anual,Anual,2008,Departamental,Norte de Santander,Sexo,Mujeres,442
Porcentaje de la población NINI entre 18 y 28 años,Anual,Anual,2008,Departamental,Quindio,Sexo,Hombres,204
Porcentaje de la población NINI entre 18 y 28 años,Anual,Anual,2008,Departamental,Quindio,Sexo,Mujeres,411
Porcentaje de la población NINI entre 18 y 28 años,Anual,Anual,2008,Departamental,Risaralda,Sexo,Hombres,163
Porcentaje de la población NINI entre 18 y 28 años,Anual,Anual,2008,Departamental,Risaralda,Sexo,Mujeres,42
Porcentaje de la población NINI entre 18 y 28 años,Anual,Anual,2008,Departamental,Santander,Sexo,Hombres,114
Porcentaje de la población NINI entre 18 y 28 años,Anual,Anual,2008,Departamental,Santander,Sexo,Mujeres,374
Porcentaje de la población NINI entre 18 y 28 años,Anual,Anual,2008,Departamental,Sucre,Sexo,Hombres,164
Porcentaje de la población NINI entre 18 y 28 años,Anual,Anual,2008,Departamental,Sucre,Sexo,Mujeres,553
Porcentaje de la población NINI entre 18 y 28 años,Anual,Anual,2008,Departamental,Tolima,Sexo,Hombres,133
Porcentaje de la población NINI entre 18 y 28 años,Anual,Anual,2008,Departamental,Tolima,Sexo,Mujeres,429
Porcentaje de la población NINI entre 18 y 28 años,Anual,Anual,2008,Departamental,Valle del Cauca,Sexo,Hombres,175
Porcentaje de la población NINI entre 18 y 28 años,Anual,Anual,2008,Departamental,Valle del Cauca,Sexo,Mujeres,384
Porcentaje de la población NINI entre 18 y 28 años,Trimestral,III,2016,Nacional,Colombia,,,237
Porcentaje de la población NINI entre 18 y 28 años,Trimestral,II,2016,Nacional,Colombia,,,226
Porcentaje de la población NINI entre 18 y 28 años,Trimestral,I,2016,Nacional,Colombia,,,253
Porcentaje de la población NINI entre 18 y 28 años,Trimestral,IV,2015,Nacional,Colombia,,,219
Porcentaje de la población NINI entre 18 y 28 años,Trimestral,III,2015,Nacional,Colombia,,,226
Porcentaje de la población NINI entre 18 y 28 años,Trimestral,II,2015,Nacional,Colombia,,,233
Porcentaje de la población NINI entre 18 y 28 años,Trimestral,I,2015,Nacional,Colombia,,,252
Porcentaje de la población NINI entre 18 y 28 años,Trimestral,IV,2014,Nacional,Colombia,,,228
Porcentaje de la población NINI entre 18 y 28 años,Trimestral,I,2014,Nacional,Colombia,,,258
Porcentaje de la población NINI entre 18 y 28 años,Trimestral,IV,2013,Nacional,Colombia,,,229
Porcentaje de la población NINI entre 18 y 28 años,Trimestral,III,2013,Nacional,Colombia,,,234
Porcentaje de la población NINI entre 18 y 28 años,Trimestral,II,2013,Nacional,Colombia,,,241
Porcentaje de la población NINI entre 18 y 28 años,Trimestral,I,2013,Nacional,Colombia,,,277
Porcentaje de la población NINI entre 18 y 28 años,Trimestral,IV,2012,Nacional,Colombia,,,247
Porcentaje de la población NINI entre 18 y 28 años,Trimestral,III,2012,Nacional,Colombia,,,248
Porcentaje de la población NINI entre 18 y 28 años,Trimestral,II,2012,Nacional,Colombia,,,25
Porcentaje de la población NINI entre 18 y 28 años,Trimestral,I,2012,Nacional,Colombia,,,271
Porcentaje de la población NINI entre 18 y 28 años,Trimestral,IV,2011,Nacional,Colombia,,,25
Porcentaje de la población NINI entre 18 y 28 años,Trimestral,III,2011,Nacional,Colombia,,,253
Porcentaje de la población NINI entre 18 y 28 años,Trimestral,II,2011,Nacional,Colombia,,,265
Porcentaje de la población NINI entre 18 y 28 años,Trimestral,I,2011,Nacional,Colombia,,,284
Porcentaje de la población NINI entre 18 y 28 años,Trimestral,IV,2010,Nacional,Colombia,,,262
Porcentaje de la población NINI entre 18 y 28 años,Trimestral,III,2010,Nacional,Colombia,,,259
Porcentaje de la población NINI entre 18 y 28 años,Trimestral,II,2010,Nacional,Colombia,,,272
Porcentaje de la población NINI entre 18 y 28 años,Trimestral,I,2010,Nacional,Colombia,,,291
Porcentaje de la población NINI entre 18 y 28 años,Trimestral,IV,2009,Nacional,Colombia,,,263
Porcentaje de la población NINI entre 18 y 28 años,Trimestral,III,2009,Nacional,Colombia,,,277
Porcentaje de la población NINI entre 18 y 28 años,Trimestral,II,2009,Nacional,Colombia,,,285
Porcentaje de la población NINI entre 18 y 28 años,Trimestral,I,2009,Nacional,Colombia,,,309
Porcentaje de la población NINI entre 18 y 28 años,Trimestral,IV,2008,Nacional,Colombia,,,287
Porcentaje de la población NINI entre 18 y 28 años,Trimestral,III,2008,Nacional,Colombia,,,288
Porcentaje de la población NINI entre 18 y 28 años,Trimestral,II,2008,Nacional,Colombia,,,29
Porcentaje de la población NINI entre 18 y 28 años,Trimestral,I,2008,Nacional,Colombia,,,306
Porcentaje de la población NINI entre 18 y 28 años,Trimestral,III,2016,Nacional,Colombia,Sexo,Hombres,126
Porcentaje de la población NINI entre 18 y 28 años,Trimestral,III,2016,Nacional,Colombia,Sexo,Mujeres,343
Porcentaje de la población NINI entre 18 y 28 años,Trimestral,II,2016,Nacional,Colombia,Sexo,Hombres,121
Porcentaje de la población NINI entre 18 y 28 años,Trimestral,II,2016,Nacional,Colombia,Sexo,Mujeres,327
Porcentaje de la población NINI entre 18 y 28 años,Trimestral,I,2016,Nacional,Colombia,Sexo,Hombres,143
Porcentaje de la población NINI entre 18 y 28 años,Trimestral,I,2016,Nacional,Colombia,Sexo,Mujeres,356
Porcentaje de la población NINI entre 18 y 28 años,Trimestral,IV,2015,Nacional,Colombia,Sexo,Hombres,101
Porcentaje de la población NINI entre 18 y 28 años,Trimestral,IV,2015,Nacional,Colombia,Sexo,Mujeres,332
Porcentaje de la población NINI entre 18 y 28 años,Trimestral,III,2015,Nacional,Colombia,Sexo,Hombres,117
Porcentaje de la población NINI entre 18 y 28 años,Trimestral,III,2015,Nacional,Colombia,Sexo,Mujeres,333
Porcentaje de la población NINI entre 18 y 28 años,Trimestral,II,2015,Nacional,Colombia,Sexo,Hombres,122
Porcentaje de la población NINI entre 18 y 28 años,Trimestral,II,2015,Nacional,Colombia,Sexo,Mujeres,341
Porcentaje de la población NINI entre 18 y 28 años,Trimestral,I,2015,Nacional,Colombia,Sexo,Hombres,128
Porcentaje de la población NINI entre 18 y 28 años,Trimestral,I,2015,Nacional,Colombia,Sexo,Mujeres,372
Porcentaje de la población NINI entre 18 y 28 años,Trimestral,IV,2014,Nacional,Colombia,Sexo,Hombres,112
Porcentaje de la población NINI entre 18 y 28 años,Trimestral,IV,2014,Nacional,Colombia,Sexo,Mujeres,341
Porcentaje de la población NINI entre 18 y 28 años,Trimestral,III,2014,Nacional,Colombia,Sexo,Hombres,125
Porcentaje de la población NINI entre 18 y 28 años,Trimestral,III,2014,Nacional,Colombia,Sexo,Mujeres,336
Porcentaje de la población NINI entre 18 y 28 años,Trimestral,II,2014,Nacional,Colombia,Sexo,Hombres,124
Porcentaje de la población NINI entre 18 y 28 años,Trimestral,II,2014,Nacional,Colombia,Sexo,Mujeres,335
Porcentaje de la población NINI entre 18 y 28 años,Trimestral,I,2014,Nacional,Colombia,Sexo,Hombres,141
Porcentaje de la población NINI entre 18 y 28 años,Trimestral,I,2014,Nacional,Colombia,Sexo,Mujeres,369
Porcentaje de la población NINI entre 18 y 28 años,Trimestral,IV,2013,Nacional,Colombia,Sexo,Hombres,112
Porcentaje de la población NINI entre 18 y 28 años,Trimestral,IV,2013,Nacional,Colombia,Sexo,Mujeres,341
Porcentaje de la población NINI entre 18 y 28 años,Trimestral,III,2013,Nacional,Colombia,Sexo,Hombres,12
Porcentaje de la población NINI entre 18 y 28 años,Trimestral,III,2013,Nacional,Colombia,Sexo,Mujeres,345
Porcentaje de la población NINI entre 18 y 28 años,Trimestral,II,2013,Nacional,Colombia,Sexo,Hombres,132
Porcentaje de la población NINI entre 18 y 28 años,Trimestral,II,2013,Nacional,Colombia,Sexo,Mujeres,346
Porcentaje de la población NINI entre 18 y 28 años,Trimestral,I,2013,Nacional,Colombia,Sexo,Hombres,158
Porcentaje de la población NINI entre 18 y 28 años,Trimestral,I,2013,Nacional,Colombia,Sexo,Mujeres,394
Porcentaje de la población NINI entre 18 y 28 años,Trimestral,IV,2012,Nacional,Colombia,Sexo,Hombres,124
Porcentaje de la población NINI entre 18 y 28 años,Trimestral,IV,2012,Nacional,Colombia,Sexo,Mujeres,366
Porcentaje de la población NINI entre 18 y 28 años,Trimestral,III,2012,Nacional,Colombia,Sexo,Hombres,127
Porcentaje de la población NINI entre 18 y 28 años,Trimestral,III,2012,Nacional,Colombia,Sexo,Mujeres,364
Porcentaje de la población NINI entre 18 y 28 años,Trimestral,II,2012,Nacional,Colombia,Sexo,Hombres,135
Porcentaje de la población NINI entre 18 y 28 años,Trimestral,II,2012,Nacional,Colombia,Sexo,Mujeres,361
Porcentaje de la población NINI entre 18 y 28 años,Trimestral,I,2012,Nacional,Colombia,Sexo,Hombres,141
Porcentaje de la población NINI entre 18 y 28 años,Trimestral,I,2012,Nacional,Colombia,Sexo,Mujeres,395
Porcentaje de la población NINI entre 18 y 28 años,Trimestral,IV,2011,Nacional,Colombia,Sexo,Hombres,127
Porcentaje de la población NINI entre 18 y 28 años,Trimestral,IV,2011,Nacional,Colombia,Sexo,Mujeres,368
Porcentaje de la población NINI entre 18 y 28 años,Trimestral,III,2011,Nacional,Colombia,Sexo,Hombres,127
Porcentaje de la población NINI entre 18 y 28 años,Trimestral,III,2011,Nacional,Colombia,Sexo,Mujeres,376
Porcentaje de la población NINI entre 18 y 28 años,Trimestral,II,2011,Nacional,Colombia,Sexo,Hombres,14
Porcentaje de la población NINI entre 18 y 28 años,Trimestral,II,2011,Nacional,Colombia,Sexo,Mujeres,385
Porcentaje de la población NINI entre 18 y 28 años,Trimestral,I,2011,Nacional,Colombia,Sexo,Hombres,154
Porcentaje de la población NINI entre 18 y 28 años,Trimestral,I,2011,Nacional,Colombia,Sexo,Mujeres,41
Porcentaje de la población NINI entre 18 y 28 años,Trimestral,IV,2010,Nacional,Colombia,Sexo,Hombres,129
Porcentaje de la población NINI entre 18 y 28 años,Trimestral,IV,2010,Nacional,Colombia,Sexo,Mujeres,391
Porcentaje de la población NINI entre 18 y 28 años,Trimestral,III,2010,Nacional,Colombia,Sexo,Hombres,134
Porcentaje de la población NINI entre 18 y 28 años,Trimestral,III,2010,Nacional,Colombia,Sexo,Mujeres,379
Porcentaje de la población NINI entre 18 y 28 años,Trimestral,II,2010,Nacional,Colombia,Sexo,Hombres,151
Porcentaje de la población NINI entre 18 y 28 años,Trimestral,II,2010,Nacional,Colombia,Sexo,Mujeres,39
Porcentaje de la población NINI entre 18 y 28 años,Trimestral,I,2010,Nacional,Colombia,Sexo,Hombres,16
Porcentaje de la población NINI entre 18 y 28 años,Trimestral,I,2010,Nacional,Colombia,Sexo,Mujeres,415
Porcentaje de la población NINI entre 18 y 28 años,Trimestral,IV,2009,Nacional,Colombia,Sexo,Hombres,144
Porcentaje de la población NINI entre 18 y 28 años,Trimestral,IV,2009,Nacional,Colombia,Sexo,Mujeres,379
Porcentaje de la población NINI entre 18 y 28 años,Trimestral,III,2009,Nacional,Colombia,Sexo,Hombres,146
Porcentaje de la población NINI entre 18 y 28 años,Trimestral,III,2009,Nacional,Colombia,Sexo,Mujeres,403
Porcentaje de la población NINI entre 18 y 28 años,Trimestral,II,2009,Nacional,Colombia,Sexo,Hombres,155
Porcentaje de la población NINI entre 18 y 28 años,Trimestral,II,2009,Nacional,Colombia,Sexo,Mujeres,408
Porcentaje de la población NINI entre 18 y 28 años,Trimestral,I,2009,Nacional,Colombia,Sexo,Hombres,169
Porcentaje de la población NINI entre 18 y 28 años,Trimestral,I,2009,Nacional,Colombia,Sexo,Mujeres,447
Porcentaje de la población NINI entre 18 y 28 años,Trimestral,IV,2008,Nacional,Colombia,Sexo,Hombres,149
Porcentaje de la población NINI entre 18 y 28 años,Trimestral,IV,2008,Nacional,Colombia,Sexo,Mujeres,417
Porcentaje de la población NINI entre 18 y 28 años,Trimestral,III,2008,Nacional,Colombia,Sexo,Hombres,159
Porcentaje de la población NINI entre 18 y 28 años,Trimestral,III,2008,Nacional,Colombia,Sexo,Mujeres,412
Porcentaje de la población NINI entre 18 y 28 años,Trimestral,II,2008,Nacional,Colombia,Sexo,Hombres,149
Porcentaje de la población NINI entre 18 y 28 años,Trimestral,II,2008,Nacional,Colombia,Sexo,Mujeres,424
Porcentaje de la población NINI entre 18 y 28 años,Trimestral,I,2008,Nacional,Colombia,Sexo,Hombres,174
Porcentaje de la población NINI entre 18 y 28 años,Trimestral,I,2008,Nacional,Colombia,Sexo,Mujeres,431
